是否在蜀道,诗,朝代,诗人生卒年,写作时间,作者,描写地点,意象(蜀道元素)-自然-气候,意象(蜀道元素)-自然-气候,意象(蜀道元素)-自然-气候,意象(蜀道元素)-自然-山水,意象(蜀道元素)-自然-山水,意象(蜀道元素)-自然-山水,意象(蜀道元素)-自然-山水,意象(蜀道元素)-自然-生物,意象(蜀道元素)-自然-生物,意象(蜀道元素)-自然-生物,意象(蜀道元素)-人文-人文景观,意象(蜀道元素)-人文-人文风俗,意象(蜀道元素)-典故,,,
是,古风·我到巫山渚,唐,701-762,759,李白,巫山,,,,巫山,,,,,,,古阳台,,巫山神女讽谏楚王,,,
是,蜀道难,唐,701-762,731,李白,蜀道,,,,"太白 峨眉巅 回川 高标 参 井
连峰 瀑流 砯崖转石 青泥 岩峦",,,,"黄鹤 猿猱 悲鸟 子规
古木 枯松 虎 蛇",,,剑阁,,"蚕丛 鱼凫 
五丁开山
六龙回日",,,
否,白头吟,唐,701-762,743,李白,锦水,,,,锦水,,,,,,,,,,,,
否,长干行,唐,701-762,725,李白,三巴,,,,,,,,,,,,,,,,
否,清平调•其二,唐,701-762,743,李白,巫山,,,,,,,,,,,,,云雨巫山,,,
否,长相思三首•其二,唐,701-762,729,李白,非蜀道,,,,,,,,,,,,蜀琴,,,,
否,上皇西巡南京歌十首,唐,701-762,757,李白,蜀道/蜀地,风光和暖,,,"剑门 石壁 山 云
花 草 锦江 天星
汉水 烟",,,,,,,"锦城 新都 石镜
云帆龙舸 散花楼
星桥 峨眉仙庭",,石牛粪金,,,
是,峨眉山月歌,唐,701-762,724,李白,峨眉山,,,,峨眉山 月 江水,,,,,,,,,,,,
否,峨眉山月・歌送蜀僧晏入中,唐,701-762,760,李白,峨眉山,,,,三峡 月 江水 峨眉山,,,,,,,,,,,,
否,流夜郎半道承恩放还兼欣克复之美书怀示息秀才,唐,701-762,759,李白,剑阁,,,,,,,,,,,,,天子巡剑阁,,,
否,江上寄巴东故人,唐,701-762,725,李白,巫山/白帝/瞿塘峡,云起雨飞,,,巫山 瞿塘,,,,,,,,,,,,
否,窜夜郎于乌江留别宗十六璟,唐,701-762,758,李白,黄牛峡/白帝/明月峡,,,,白帝 明月峡 黄牛峡,,,,猿,,,,,,,,
否,留别龚处士,唐,701-762,758,李白,黄牛峡,,,,黄牛峡,,,,白帝猿,,,,,,,,
否,赠友人三首,唐,701-762,756,李白,非蜀道,,,,,,,,,,,,,蜀主思孔明,,,
否,送友人入蜀,唐,701-762,731,李白,蜀道/蜀地,,,,"山 云 花
芳树 春流",,,,,,,,,蚕丛,,,
否,送赵判官赴黔府中丞叔幕,唐,701-762,755,李白,重庆,,,,五溪,,,,三峡猿,,,,,,,,
否,送崔氏昆季之金陵,唐,701-762,761,李白,重庆东楼,,,,江（三峡）山 月,,,,,,,东楼,,,,,
是,酬宇文少府见赠桃竹书筒,唐,701-762,720,李白,非蜀道,,,,,,,,,,,,,,,,
是,登锦城散花楼,唐,701-762,720,李白,成都,,,,"三峡 雨 云 
春江 日光",,,,,,,"散花楼 金窗绣户 
双流城 珠箔银钩",,,,,
是,登峨眉山,唐,701-762,720,李白,峨眉山,,,,青冥 紫霞,,,,,,,琼箫 宝瑟,,,,,
否,荆门浮舟望蜀江,唐,701-762,725,李白,蜀江,,,,明月峡 巴山,,,,,,,,,,,,
否,上三峡,唐,701-762,758,李白,三峡,,,,巴水 青天 巫山,,,,,,,,,,,,
是,自巴东舟行经瞿唐峡登巫山最高峰晚还题壁,唐,701-762,759,李白,巫山/瞿塘峡,,,,"月圆 瞿塘峡 巫山
日霞 丹壑 青天 
猿 松 江",,,,,,,,,,,,
是,早发白帝城,唐,701-762,759,李白,白帝,,,,彩云 江陵 猿 万重山,,,,,,,,,,,,
是,宿巫山下,唐,701-762,759,李白,巫山,,,,"桃花 绿水 瞿塘 
雨 高丘",,,,,,,,,宋玉,,,
是,寻雍尊师隐居,唐,701-762,718,李白,江油,,,,"群峭 古道 泉
花 松 江 寒烟",,,,青牛 白鹤,,,,,,,,
是,访戴天山道士不遇,唐,701-762,719,李白,江油,,,,"桃花 水 树 野竹 
青霭 飞泉 碧峰",,,,犬 鹿,,,,,,,,
是,忆秋浦桃花旧游时窜夜郎,唐,701-762,759,李白,重庆,,,,桃花 青天 月 萝枝,,,,,,,,,,,,
否,听蜀僧濬弹琴,唐,701-762,753,李白,非蜀道/蜀僧弹琴,,,,,,,,,,,,,,,,
否,观元丹丘坐巫山屏风,唐,701-762,736,李白,巫山,,,,"三峡 巫山 十二峰 
寒松 翠屏丹崖 巴水
石 草 花",,,,猿,,,,,巫山神女,,,
否,巫山枕障,唐,701-762,736,李白,巫山,,,,"巫山 高丘 白帝 秋树
朝云巴水",,,,,,,,,,,,
否,寄远十一首,唐,701-762,736,李白,蜀地,,,,巫山 花 绿江,,,,,,,,,阳台,,,
是,巴女词,唐,701-762,724,李白,巴水,,,,巴水,,,,,,,巴船,,,,,
是,冬日归旧山,唐,701-762,720,李白,江油,,,,"藤径 雪峰 叶 云
嫩篁 古树 江
禽巢 兽路 树叶 篱",,,,犬 猿 雏 苍鼠 素鱼,,,,,,,,
是,望夫石,唐,701-762,715,李白,非蜀道,,,,,,,,,,,,,,,,
是,对雨,唐,701-762,715,李白,江油,,,,"湿草 古岫 云 碎烟
水 风 树",,,,,,,,,,,,
是,晓晴,唐,701-762,715,李白,江油,,,,"雨 青池 绿树 野花 
山草 残云 风 竹",,,,鱼,莺,,,,,,,
是,初月,唐,701-762,715,李白,江油,,,,白露 湿花 云 风 水,,,,,,,,,,,,
是,雨后望月,唐,701-762,715,李白,江油,,,,阴霭 半蟾 万里 江练 山 海,,,,,,,,,,,,
是,春感诗,唐,701-762,720,李白,成都,,,,榆荚 树 杨花 青山 云门 竹斋,,,,,,,,,,,,
否,送令狐岫宰恩阳,唐,737-791,,韦应物,巴城,,,,巴城,,,,,,,,,,,,
否,送别覃孝廉,唐,737-791,,韦应物,巫山,,,,惊波,,,,,,,,,,,,
否,送颜司议使蜀访图书,唐,737-791,,韦应物,蜀地,,,,千岭 江 云 雨,,,,猿,,,,,,,,
是,雨夜宿清都观,唐,737-791,,韦应物,成都,凉气,,,微雨,,,,,,,清都观,,,,,
是,绵州越王楼即事,唐,？-783,,刘湾,绵阳,,,,涪州 富乐山,,,,雁,,,,,,,,
否,别韦郎中,唐,,,张谓,蜀地,,,,巫峡 云树 峨眉山 白波,,,,猿,,,,,,,,
是,青山峡口泊舟怀狄侍御,唐,717-770,768,岑参,宜宾,,,,"青山峡 秋水 沙边 石壁
芦花 巴山道 秋草 凌云霄",,,,,,,,,,,,
是,寄青城龙谿奂道人,唐,717-770,767,岑参,成都,,,,崖峤 石棱 石壁 云,,,,,,,,,,,,
是,西蜀旅舍春叹，寄朝中故人呈狄评事,唐,717-770,769,岑参,成都,,,,柳 巷草 日夕 暮雨 春江,,,,,,,,,,,,
是,上嘉州青衣山中峰，题惠净上人幽居，寄兵部杨郎中,唐,717-770,767,岑参,乐山,,,,"青衣山 浮舟 穹苍 松萝
江云 山月",,,,猿 鸟,,,,,,,,
是,入剑门作寄杜杨二郎中时二公并为杜元帅判官,唐,717-770,766,岑参,广元,三伏寒,,,山崖 岩 岷峨,,,,鸟,,,,,五丁开山,,,
是,送狄员外巡按西山军,唐,717-770,766,岑参,成都,,,,"西山 云雪 崖谷
泉 阁道 水 绳桥",,,,,,,,,,,,
是,登嘉州凌云寺作,唐,717-770,767,岑参,乐山,,,,"青峰 三江 峨眉 旷烟 森棕 
风  雨 云 夏月 行舟",,,,飞鸟,,,,,,,,
是,闻崔十二侍御灌口夜宿报恩寺,唐,717-770,767,岑参,成都,,,,溪月 江云 松林,,,,,,,,,,,,
是,楚夕旅泊古兴,唐,717-770,768,岑参,宜宾,,,,"独鹤 江月 孤帆 云
秋风 芦荻花",,,,,,,,,,,,
是,先主武侯庙,唐,717-770,767,岑参,武侯祠,,,,,,,,,,,,,,,,
是,先主武侯庙,唐,717-770,767,岑参,成都市文翁学堂,,,,,,,,,,,,,,,,
是,扬雄草玄台,唐,717-770,767,岑参,成都市草玄台,,,,西江月 草玄 老树,,,,,,,,,,,,
是,司马相如琴台,唐,717-770,767,岑参,成都市金花寺,寒萧条,,,,,,,,,,,,,,,
是,司马相如琴台,唐,717-770,767,岑参,成都市严真观,,,,,,,,,,,,,君平卖卜,,,
是,张仪楼,唐,717-770,767,岑参,成都市张仪楼,,,,江水,,,,,,,,,,,,
是,万里桥,唐,717-770,767,岑参,成都市万里桥,,,,沧江,,,,鸟,,,,,,,,
是,石犀,唐,717-770,767,岑参,成都市石犀,,,,江水,,,,,,,,,,,,
是,龙女祠,唐,717-770,767,岑参,成都市龙女祠,,,,风雨 青林,,,,,,,,捧酒击鼓,,,,
是,与鲜于庶子自梓州成都少尹自褒城同行至利州道中作,唐,717-770,766,岑参,广元,,,,"岷峨 三巴 梁山 栈道 
迅湍 层崖 岩倾 石 
深林 洞穴 水秧 山田 
山雨 江花",,,,曙鸟 夜猿 马,,,,,,,,
是,下外江舟怀终南旧居,唐,717-770,768,岑参,泸州,,,,"孤舟 巴山雨 阳台月
水 芦花 岩壑",,,,猿,,,,,,,,
是,赴犍为经龙阁道,唐,717-770,766,岑参,广元,,,,"青壁 鸟道 沧波 谿口 
归云 松萝 江路 岷峨",,,,,,,,羌儿笛 巴童歌,,,,
是,江上阻风雨,唐,717-770,767,岑参,成都,,,,"江 风 泊舟 雨 山 积浪 高丘
盘涡 嵌窟 云 花 水 草 老树 崩崖",,,,,,,,,,,,
是,早上五盘岭,唐,717-770,766,岑参,广元,,,,"江 两崖 日 群峰
翠烟 森 云树 松 孤驿
花 栈道 雨 畬田 原草",,,,,,,,,,,,
是,峨眉东脚临江听猿，怀二室旧庐,唐,717-770,768,岑参,乐山,,,,峨眉 烟 雨 峰头树 秋江,,,,哀猿,,,,,,,,
是,东归发犍为，至泥谿舟中作,唐,717-770,768,岑参,乐山,,,,"江水 沧波 连峰 
花落 檐树 烟霭 湖海",,,,猿 虎豹 鱼龙 鸟,,,,,乘桴海上,,,
是,阻戎泸间群盗,唐,717-770,768,岑参,宜宾,,,,"林莽 江湾 滩草 江水殷
夜雨 风 秋月 阳台 云烟",,,,饿虎 饥乌 白鸟,,,,,随琴高 缩地,,,
是,秋夕听罗山人弹三峡流泉,唐,717-770,768,岑参,非蜀道,,,,,,,,蝉,,,,,湘妃泪 阳台雨 知音,,,
是,客舍悲秋有怀两省旧游呈幕中诸公,唐,717-770,769,岑参,成都,,,,,,,,,,,,,,,,
是,江行夜宿龙吼滩，临眺思峨眉隐者，兼寄幕中诸公,唐,717-770,768,岑参,乐山,,,,水烟 月 山 云,,,,,,,,,,,,
是,汉川山行，呈成少尹,唐,717-770,766,岑参,德阳,,,,月光,,,,犬,,,,,,,,
是,酬崔十三侍御登玉垒山思故园见寄,唐,717-770,767,岑参,成都,,,,峰尽 江树 斜日 岭云,,,,鸟,,,,,,,,
否,送蜀郡李掾,唐,717-770,764,岑参,蜀地,,,,剑门 巴水 菊花,,,,,,,,,,,,
否,醴泉东谿送程皓、元镜微入蜀,唐,717-770,745,岑参,非蜀道,,,,,,,,,,,,,,,,
否,送严诜擢第归蜀,唐,717-770,,岑参,蜀地,,,,巴江·,秋月,,,,,,,,,,,
否,送蒲秀才擢第归蜀,唐,717-770,741,岑参,蜀地,风候暖 腊月春辉,,,,,,,,,,,,,,,
是,送绵州李司马秩满归京，因呈李兵部,唐,717-770,769,岑参,成都,,,,江月 梨花,,,,,,,,,,,,
是,送崔员外入秦因访故园,唐,717-770,767,岑参,成都,,,,竹 巴山道,,,,,,,,,,,,
是,送柳录事赴梁州,唐,717-770,767,岑参,成都,,,,江树 山云,,,,,,,,,,,,
是,送裴侍御赴岁入京,唐,717-770,766,岑参,非蜀道,,,,,,,,,,,,,,,,
是,送颜评事入京,唐,717-770,766,岑参,成都,,,,柳叶 山花 月,,,,,,,,,,,,
是,送赵侍御归上都,唐,717-770,767,岑参,非蜀道,,,,,,,,,,,,,,,,
是,早春陪崔中丞同泛浣花谿宴,唐,717-770,,岑参,成都,,,,画舸 云 风 花 川 黄昏,,,,,,,,,,,,
是,郡斋平望江山,唐,717-770,768,岑参,乐山,,,,山光 江月 橘 茶,,,,,,,,,,,,
是,寻阳七郎中宅即事,唐,717-770,766,岑参,成都,,,,雨 芭蕉 霜 橘,,,,,,,,,,,,
是,巴南舟中，思陆浑别业,唐,717-770,768,岑参,泸州,,,,泸水 巴山 岭云,,,,谿鹭,,,,,,,,
是,巴南舟中夜市,唐,717-770,767,岑参,眉山,,,,渡口 黄昏 清野寺 远火,,,,雁 猿,,,,,,,,
是,江上春叹,唐,717-770,766,岑参,成都,腊月江暖,,,柳枝,,,,,,,,,,,,
是,初至犍为作,唐,717-770,767,岑参,乐山,,,,"山色 滩声 草 花
云雨 三峡 风尘",,,,,,,,,,,,
是,咏郡斋壁画片云,唐,717-770,768,岑参,非蜀道,,,,,,,,,,,,,,,,
是,奉和相公发益昌,唐,717-770,766,岑参,广元,,,,巴江 雨 山花 川柳,,,,,,,,,,,,
否,送严黄门拜御史大夫再镇蜀川兼觐省,唐,717-770,764,岑参,蜀地,,,,剑阁 春草 青绶 晴花 江月,,,,山莺,,,,,,,,
否,送郭仆射节制剑南,唐,717-770,765,岑参,蜀地,,,,剑门 阁道 晓云 夜月,,,,山鸟 江猿,,,,,,,,
否,送人还荆州,唐,？-758,,皇甫曾,三峡,,,,,,,,猿,,,,,,,,
否,送上官侍御赴黔中,唐,,,李嘉祐,巫峡,,,,水,,,,,,,,,,,,
是,人日寄杜二拾遗,唐,700-765,761,高适,崇州,,,,柳 梅花,,,,,,,杜甫草堂,,,,,
是,酬裴员外以诗代书,唐,700-765,759,高适,彭州,,,,,,,,,,,,,"安刘　八裴　死灰　季鹰杯　宓侪
太常斋　楚材　盐梅　二陆　荆轲　乐毅不归　中散论",,,
是,登百丈峰二首,唐,700-765,763,高适,雅安,,,,百丈峰 燕支道 青冥 寒山,,,,鸿雁,,,,,惠帝闻蟆　晋武轻后事 霍去病,,,
是,赠杜二拾遗,唐,700-765,759,高适,非蜀道,,,,,,,,,,,,,,,,
否,送李少府贬峡中，王少府贬长沙,唐,700-765,759,高适,蜀地,,,,白帝,古木,,,猿,,,,,,,,
是,赴彭州山行之作,唐,700-765,759,高适,彭州,,,,"峭壁 崆峒 峰 林
怪石时侵径，轻萝乍拂衣。",,,,鸟,,,,,,,,
否,虫豸诗。巴蛇（三首）,唐,779-831,,元稹,非蜀道,,,,,,,,巴蛇,,,,,剑飞,,,
否,虫豸诗。蜘蛛（三首）,唐,779-831,,元稹,非蜀道,,,,,,,,蜘蛛,,,,,,,,
是,西州院（东川官舍）,唐,779-831,809,元稹,绵阳,,,,月 柳 笋,,,,鸦鸦 杜鹃鸟,,,,,,,,
是,和东川李相公慈竹十二韵（次本韵）,唐,779-831,817,元稹,达州,,,,竹 雨露 烟 霄汉,,,,,,,,,,,,
是,酬东川李相公十六韵（次用本韵）,唐,779-831,817,元稹,达州,,,,日夕 雨 瘴江,,,,鸾凤 燕雀,,,,,骇鸡宝,,,
是,和乐天梦亡友刘太白同游二首,唐,779-831,818,元稹,非蜀道,,,,,,,,,,,,,,,,
是,酬乐天见忆，兼伤仲远,唐,779-831,818,元稹,达州,,,,花 河 江 峡,,,,,,,,,,,,
是,酬乐天东南行诗一百韵,唐,779-831,818,元稹,达州,湿如吴 楚风轻似蜀,,,,,,,猿,,,,"醨酒水淋沽
背弝射桑弧",寿陵失步　朽株,,,
是,酬乐天江楼夜吟稹诗，因成三十韵（次用本韵）,唐,779-831,818,元稹,达州,,,,沧海 碧云 月峡,,,,猿 鹤,,,,,,,,
是,漫天岭赠僧,唐,779-831,817,元稹,非蜀道,,,,,,,,,,,,,,,,
是,二月十九日酬王十八全素（此后有酬和并次用本韵）,唐,779-831,818,元稹,非蜀道,,,,,,,,,,,,,,,,
是,酬乐天寄蕲州簟,唐,779-831,818,元稹,达州,,,,翠筠,,,,,,,,,,,,
是,使东川。嘉陵驿二首,唐,779-831,809,元稹,广元,,,,嘉陵江水 树 野花 月,,,,,,,,,,,,
是,使东川。嘉陵江二首,唐,779-831,809,元稹,广元,,,,蜀江 嘉川 江 月,,,,,,,,,,,,
是,使东川。望喜驿,唐,779-831,809,元稹,广元,,,,月,,,,子规,,,,,,,,
是,使东川。好时节,唐,779-831,809,元稹,绵阳,,,,峨眉,,,,,,,,,,,,
是,使东川。望驿台（三月尽）,唐,779-831,809,元稹,广元,,,,江,,,,,,,,,,,,
是,早春寻李校书,唐,779-831,818,元稹,达州,,,,春风 云 柳枝 梅 江 琼花  芦笋,,,,山莺,,,,,,,,
否,贻蜀五首,唐,779-831,814,元稹,蜀地,,,,花溪 锦城 沙尾,,,,,,,,,,,,
是,题漫天岭智藏师兰若僧云住此二十八年,唐,779-831,815,元稹,非蜀道,,,,,,,,,,,,,,,,
是,苍溪县寄扬州兄弟,唐,779-831,815,元稹,广元,,,,嘉陵,,,,,,,,,,,,
是,赠吴渠州从姨兄士则,唐,779-831,815,元稹,非蜀道,,,,,,,,,,,,,,,,
是,长滩梦李绅,唐,779-831,815,元稹,非蜀道,,,,,,,,,,,,,,,,
是,新政县,唐,779-831,815,元稹,南充,,,,月夜 嘉陵江 星辰 巴路雪,,,,,,,,,,,,
是,见乐天诗,唐,779-831,815,元稹,非蜀道,,,,,,,,,,,,,,,,
是,闻乐天授江州司马,唐,779-831,815,元稹,非蜀道,,,,,,,,,,,,,,,,
是,凭李忠州寄书乐天,唐,779-831,818,元稹,巫峡,,,,江头月,,,,,,,,,,,,
是,得乐天书,唐,779-831,818,元稹,非蜀道,,,,,,,,,,,,,,,,
是,通州,唐,779-831,817,元稹,达州,,,,郡山,,,,,,,,,,,,
是,酬乐天书后三韵,唐,779-831,818,元稹,非蜀道,,,,,,,,,,,,,,,,
是,相忆泪,唐,779-831,818,元稹,非蜀道,,,,,,,,,,,,,,,,
是,喜李十一景信到,唐,779-831,818,元稹,非蜀道,,,,,,,,,,,,,,,,
是,赠李十一,唐,779-831,818,元稹,非蜀道,,,,,,,,,,,,,,,,
是,与李十一夜饮,唐,779-831,818,元稹,达州,,,,江水,,,,猿,,,,,,,,
是,寒食日,唐,779-831,818,元稹,达州,,,,碧水 青山 涪州,,,,,,,,,,,,
是,三兄以白角巾寄遗，发不胜冠，因有感叹,唐,779-831,818,元稹,非蜀道,,,,,,,,,,,,,,,,
是,别李十一五绝,唐,779-831,,元稹,通州,,,,江,,,,鸟 猿 虎 蛇,,,,,,,,
是,酬乐天雨后见忆,唐,779-831,815,元稹,达州,,,,雨,,,,,,,,,,,,
是,赠李十一酬乐天频梦微之,唐,779-831,818,元稹,非蜀道,,,,,,,,,,,,,,,,
是,酬乐天春寄微之,唐,779-831,818,元稹,达州,,,,瘴烟,,,,,巴蟒,,,,,,,
是,酬乐天舟泊夜读微之诗,唐,779-831,818,元稹,达州,,,,山 风 雨,,,,,杜鹃,,,,,,,
是,酬乐天武关南见微之题山石榴花诗,唐,779-831,818,元稹,达州,,,,尘土,,,,,,,,,,,,
是,酬乐天得稹所寄纻丝布白轻庸制成衣服以诗报之,唐,779-831,818,元稹,非蜀道,,,,,,,,,,,,,,,,
是,和乐天寻郭道士不遇（昔尝为僧，于荆州相别）,唐,779-831,818,元稹,非蜀道,,,,林,松,,,,,,,,,,,
是,酬乐天寄生衣,唐,779-831,818,元稹,达州,,,,瘴云,,,,鸟,,,,,,,,
是,酬乐天得微之诗知通州事因成四首,唐,779-831,815,元稹,达州,,,,"竹篱州 浮尘 日 沙 水 田
峡 舟船 尘埃 蔬",,,,虎 蛇 鸟 牛 狗 鱼 沙虱,,,,,,,,
是,酬乐天闻李尚书拜相以诗见贺,唐,779-831,818,元稹,达州,,,,三峡水,秋瘴,,,,,,,,,,,
是,酬乐天叹穷愁见寄,唐,779-831,818,元稹,达州,终岁热,,,,,,,,,,,,,,,
是,酬乐天三月三日见寄,唐,779-831,818,元稹,非蜀道,,,,,,,,,,,,,,,,
是,瘴塞,唐,779-831,817,元稹,达州,,,,瘴塞 巴山,,,,,,,,,,,,
是,酬乐天闻李尚书拜相以诗见贺,唐,779-831,818,元稹,达州,,,,,,,,,,,,,,,,
是,红荆,唐,779-831,818,元稹,达州,,,,,,,,,,,,,,,,
是,连昌宫词,唐,779-831,818,元稹,非蜀道,,,,,,,,,,,,,,,,
是,山枇杷,唐,779-831,809,元稹,非蜀道,,,,,,,,,,,,,,,,
否,何满子歌,唐,779-831,814,元稹,巫峡,,,,,,,,哀猿,,,,,,,,
是,通州丁溪馆夜别李景信三首,唐,779-831,818,元稹,达州,,,,月 水 山 雨,,,,山 虎 啼鸟 鹃 啼鸡,,,,,,,,
是,离思五首,唐,779-831,809,元稹,非蜀道,,,,,,,,,,,,,,,,
否,蛮子朝－刺将骄而相备位也,唐,772-846,809,白居易,蜀地,,,,巂州道 蜀川,,,,,,,,,,,,
是,初入峡有感,唐,772-846,819,白居易,三峡,,,,山 水 瞿唐 黑岩 白浪 大石 小石,,,,,,,,,一苇　蛮貊可行　无名死,,,
是,西楼夜,唐,772-846,819,白居易,重庆,,,,，城隅 隐林 山郭  峡 星汉 水 月 江,,,,鸟,,,,,,,,
是,东楼晓,唐,772-846,819,白居易,重庆,,,,云雾 峡深 田地 山 东方白,,,,晨禽,,,,,,,,
是,南宾郡斋即事，寄杨万州,唐,772-846,819,白居易,重庆,,,,莓苔 雾雨 霾,,,,,,,,,,,,
是,招萧处士,唐,772-846,819,白居易,非蜀道,,,,,,,,,,,,,,,,
是,庭槐,唐,772-846,819,白居易,非蜀道,,,,,,,,,,,,,,,,
是,送客回晚兴,唐,772-846,819,白居易,重庆,,,,云雾 沙头 风 浪 山 江 竹,,,,蝉,,,,,,,,
是,东楼竹,唐,772-846,819,白居易,非蜀道,,,,,,,,,,,,,,,,
是,九日登巴台,唐,772-846,819,白居易,重庆,,,,菊,,,,,,,,黍香酒 闲听竹枝曲 浅酌茱萸杯。,,,,
是,东城寻春,唐,772-846,820,白居易,非蜀道,,,,,,,,,,,,,,,,
是,江上送客,唐,772-846,820,白居易,重庆,,,,江花 江草 湘竹,,,,杜鹃,,,,,,,,
是,桐花,唐,772-846,820,白居易,重庆,,,,桐花,,,,,,,,,,,,
是,早祭风伯，因怀李十一舍人,唐,772-846,820,白居易,非蜀道,,,,,,,,,,,,,,,,
是,花下对酒二首,唐,772-846,820,白居易,重庆,,,,梅樱 桃杏,,,,,,,,,,,,
是,不二门,唐,772-846,820,白居易,非蜀道,,,,,,,,,,,,,,,,
是,我身,唐,772-846,820,白居易,非蜀道,,,,,,,,,,,,,,,,
是,哭王质夫,唐,772-846,820,白居易,非蜀道,,,,,,,,,,,,,,,,
是,东坡种花二首,唐,772-846,820,白居易,重庆,,,,花,,,,,,,,巴俗不爱花,,,,
是,哭诸故人，因寄元八,唐,772-846,820,白居易,非蜀道,,,,,,,,,,,,,,,,
是,郡中春宴，因赠诸客,唐,772-846,820,白居易,非蜀道,,,,,,,,,,,,,,,,
是,开元寺东池早春,唐,772-846,820,白居易,重庆,,,,水 清波 青泥 蒲叶 梅 柳 草 鸥,,,,,,,,,,,,
是,东溪种柳,唐,772-846,820,白居易,非蜀道,,,,,,,,,,,,,,,,
是,卧小斋,唐,772-846,820,白居易,非蜀道,,,,,,,,,,,,,,,,
是,步东坡,唐,772-846,820,白居易,重庆,,,,,,,,鸟 蝶,,,,,,,,
是,登城东古台,唐,772-846,820,白居易,重庆,,,,巴王台 春草 江山 势 峰 水,,,,牛 羊,,,,,,,,
是,东坡种花二首,唐,772-846,820,白居易,重庆,,,,,,,,,,,,,,,,
是,征秋税毕，题郡南亭,唐,772-846,819,白居易,重庆,,,,秋雨,,,,鸟,,,,,,,,
是,蚊蟆,唐,772-846,820,白居易,重庆,,,,,,,,蚊蟆,,,,,,,,
是,登龙昌上寺望江南山，怀钱舍人,唐,772-846,820,白居易,重庆,,,,白云 前山 玉峰,,,,,,,,,,,,
是,郊下,唐,772-846,820,白居易,重庆,,,,树 子规 东风 野水 江蓠 山,,,,,,,,,,,,
是,岁晚,唐,772-846,819,白居易,重庆,,,,霜降 水 壑 风 木 山,,,,,,,,,,,,
是,委顺,唐,772-846,820,白居易,重庆,,,,竹 树,,,,,,,,,,,,
是,负冬日,唐,772-846,819,白居易,重庆,,,,冬日,,,,,,,,,,,,
是,宿溪翁（时初除郎官赴朝）,唐,772-846,820,白居易,重庆,,,,薪草 溪北 田,,,,黄犊,,,,,,,,
否,送武士曹归蜀（士曹即武中丞兄）,唐,772-846,806,白居易,蜀地,,,,月 秦岭 江 云栈 锦城,,,,,,,,,,,,
是,夜入瞿唐峡,唐,772-846,819,白居易,重庆,,,,花 蜀江 锦城,,,,鸟,,,,,,,,
是,初到忠州赠李六,唐,772-846,819,白居易,重庆,,,,岸 瞿塘峡 天 逆风 浪,,,,,,,,,,,,
是,郡斋暇日忆庐山草堂兼寄二林僧社三十韵多叙,唐,772-846,819,白居易,重庆,,,,江 日 黄昏,,,,,,,,,,,,
是,京使回，累得南省诸公书因以长句诗寄谢萧五刘员外,唐,772-846,819,白居易,重庆,,,,巴水,,,,,,,,,,,,
是,东城春意,唐,772-846,819,白居易,重庆,天气似京都,,,风 云,,,,,,,,,,,,
是,木莲树生巴峡山谷间巴民亦呼为黄心树大者题三绝句云,唐,772-846,819,白居易,重庆,,,,云 水 山 石,,,,,,,,,,,,
是,种桃杏,唐,772-846,819,白居易,非蜀道,,,,,,,,,,,,,,,,
是,龙昌寺荷池,唐,772-846,819,白居易,重庆,,,,秋水 莲花,,,,,,,,,,,,
是,听竹枝赠李侍御,唐,772-846,819,白居易,非蜀道/竹枝曲,,,,,,,,,,,,,,,,
是,寄胡饼与杨万州,唐,772-846,819,白居易,非蜀道/胡饼,,,,,,,,,,,,,,,,
是,感樱桃花，因招饮客,唐,772-846,819,白居易,非蜀道,,,,,,,,,,,,,,,,
是,东亭闲望,唐,772-846,819,白居易,非蜀道,,,,绿桂 红蕉,,,,,,,,,,,,
是,画木莲花图寄元郎中,唐,772-846,819,白居易,非蜀道,,,,,,,,,,,,,,,,
是,和李澧州题韦开州经藏诗,唐,772-846,819,白居易,非蜀道,,,,,,,,,,,,,,,,
是,九日题涂溪,唐,772-846,819,白居易,重庆,,,,蕃草 枫叶岸,,,,,,,,,,,,
是,即事寄微之,唐,772-846,819,白居易,非蜀道/农事,,,,,,,,,,,,,,,,
是,题郡中荔枝诗十八韵，兼寄万州杨八使君,唐,772-846,819,白居易,非蜀道/荔枝,,,,,,,,,,,,,,,,
是,留北客,唐,772-846,819,白居易,重庆,,,,峡,,,,,,,,,,,,
是,重寄荔枝与杨使君，时闻杨使君欲种植故有落句之戏,唐,772-846,819,白居易,非蜀道,,,,,,,,,,,,,,,,
是,和万州杨使君四绝句。竞渡,唐,772-846,819,白居易,重庆,竞渡,,,,,,,,,,,,,,,
是,和万州杨使君四绝句。嘉庆李,唐,772-846,819,白居易,重庆,,,,绿李,,,,,,,,,,,,
是,和万州杨使君四绝句。嘉庆李和万州杨使君四绝句。白槿花,唐,772-846,819,白居易,重庆,,,,白瑾花,,,,,,,,,,,,
是,和行简望郡南山,唐,772-846,819,白居易,重庆,,,,山,云,,,猿,,,,,,,,
是,种荔枝,唐,772-846,819,白居易,非蜀道/荔枝,,,,,,,,,,,,,,,,
是,送客归京,唐,772-846,819,白居易,非蜀道,,,,雨,,,,马,,,,,,,,
是,送萧处士游黔南,唐,772-846,819,白居易,非蜀道,,,,巴峡,巫阳,,,猿类,,,,,,,,
是,东楼醉,唐,772-846,819,白居易,重庆,,,,峡,,,,,,,,,,,,
是,冬至夜,唐,772-846,819,白居易,重庆,,,,霜,,,,,,,,,,,,
是,醉后戏题,唐,772-846,819,白居易,非蜀道,,,,,,,,,,,,,,,,
是,竹枝词四首,唐,772-846,819,白居易,重庆,,,,月 白帝城 山 风 雨 水 冷花  江蓠 湿叶,,,,猿 鸟,,,,,,,,
是,酬严中丞晚眺黔江见寄,唐,772-846,819,白居易,重庆,,,,江水 山 明月 峡 天碧,,,,,,,,,,,,
是,寄题杨万州四望楼,唐,772-846,819,白居易,重庆,,,,水,,,,,,,,,,,,
是,答杨使君登楼见忆,唐,772-846,819,白居易,重庆,,,,水,烟,云,,,,,,,,,,
是,闻雷,唐,772-846,819,白居易,重庆,瘴地风霜早，温天气候催。穷冬不见雪，正月已闻雷,,,枯草,,,,虫 蛇,,,,,,,,
是,春至,唐,772-846,819,白居易,重庆,,,,梅 水 柳 蕉叶 藤枝,,,,,,,,,,,,
是,春江,唐,772-846,820,白居易,重庆,,,,花 草 水 石,,,,莺,,,,,,,,
是,题东楼前李使君所种樱桃花,唐,772-846,820,白居易,重庆,,,,青云 红树 花,,,,,,,,,,,,
是,巴水,唐,772-846,820,白居易,重庆,,,,巴江水 软沙 斜岸 黄柳 小白蘋,,,,,,,,,,,,
是,野行,唐,772-846,820,白居易,重庆,,,,草 沙 花,,,,鸟,,,,,,,,
是,送高侍御使回，因寄杨八,唐,772-846,820,白居易,重庆,,,,明月峡 黄茅岸,,,,,,,,,,,,
是,喜山石榴花开（去年自庐山移来）,唐,772-846,820,白居易,非蜀道/石榴花,,,,,,,,,,,,,,,,
是,戏赠萧处士、清禅师,唐,772-846,820,白居易,非蜀道,,,,,,,,,,,,,,,,
是,钱虢州以三堂绝句见寄，因以本韵和之,唐,772-846,820,白居易,非蜀道,,,,,,,,,,,,,,,,
是,钱虢州以三堂绝句见寄，因以本韵和之,唐,772-846,820,白居易,非蜀道,,,,,,,,,,,,,,,,
是,钱虢州以三堂绝句见寄，因以本韵和之,唐,772-846,820,白居易,非蜀道,,,,,,,,,,,,,,,,
是,代州民问,唐,772-846,820,白居易,重庆,,,,柳,,,,,,,,,,,,
是,答州民,唐,772-846,820,白居易,非蜀道,,,,,,,,,,,,,,,,
是,荔枝楼对酒,唐,772-846,820,白居易,非蜀道,,,,,,,,,,,,,,,,
是,房家夜宴喜雪，戏赠主人,唐,772-846,820,白居易,重庆,,,,雪,,,,,,,,,,,,
是,醉后赠人,唐,772-846,820,白居易,非蜀道,,,,,,,,,,,,,,,,
是,留题开元寺上方,唐,772-846,820,白居易,重庆,,,,水 柳 花,,,,,,,,,,,,
是,别种东坡花树两绝,唐,772-846,820,白居易,重庆,,,,草 树 桃李 花,,,,鱼,,,,,,,,
是,别桥上竹,唐,772-846,820,白居易,重庆,,,,竹,,,,,,,,,,,,
否,发白狗峡，次黄牛峡登高寺，却望忠州,唐,772-846,820,白居易,重庆,,,,雨,,,,,,,,,,,,
否,寄题忠州小楼桃花,唐,772-846,821,白居易,重庆,,,,巫峡 风 月,,,,,,,,巴曲,,,,
否,中书夜直梦忠州,唐,772-846,821,白居易,重庆,,,,花 山,,,,猿,,,,,,,,
是,昔游,唐,712-770,767,杜甫,非蜀道,,,,,,,,,,,,,,,,
是,五盘,唐,712-770,759,杜甫,广元,,,,云 山 栈道 江 木,,,,鱼 鸟,,,,淳朴俗,,,,
是,龙门阁,唐,712-770,759,杜甫,广元,,,,清江 绝壁 长风 高浪 滑石 浮梁 杂花 雨,,,,,,,,,,,,
是,石柜阁,唐,712-770,759,杜甫,广元,,,,早花 江 奇石  高壁,,,,鸥,,,,,陶彭泽　谢康乐,,,
是,桔柏渡,唐,712-770,759,杜甫,广元,,,,青冥 寒江 竹 湿烟 江风 沧海,,,,鸨鹢 鼋鼍 西辕,,,,,,,,
是,剑门,唐,712-770,759,杜甫,广元,,,,剑门关 山 石 叠嶂,,,,,,,,,一夫当关,,,
是,鹿头山（山上有关，在德阳县治北）,唐,712-770,759,杜甫,广元,,,,山 云 原野 风,,,,,,,,,,,,
是,成都府,唐,712-770,759,杜甫,非蜀道,,,,,,,,,,,,,,,,
是,石笋行,唐,712-770,760,杜甫,成都,,,,石笋 苔藓 波涛 雨,,,,,,,,,,,,
是,石犀行,唐,712-770,760,杜甫,成都,,,,石犀 水 木,,,,,,,,,,,,
是,赠蜀僧闾丘师兄,唐,712-770,760,杜甫,非蜀道,,,,,,,,,,,,,,,,
是,题壁画马歌（一作题壁上韦偃画歌。偃京兆人善画马）,唐,712-770,760,杜甫,非蜀道,,,,,,,,,,,,,,,,
是,戏题画山水图歌（一本题下有王宰二字。宰，蜀人）,唐,712-770,760,杜甫,非蜀道,,,,,,,,,,,,,,,,
是,泛溪,唐,712-770,760,杜甫,成都,,,,溪 乔木 练峰 雪 纤云 荷芰 藕 月,,,,鸡 鱼,,,,,,,,
是,敬寄族弟唐十八使君,唐,712-770,768,杜甫,重庆,,,,巫峡,,,,,,,,,抱麟　铩翮,,,
是,宿青溪驿奉怀张员外十五兄之绪,唐,712-770,765,杜甫,乐山,,,,千山 日 泊 石根 青枫林,,,,猿 鸟 虎,,,,,,,,
是,戏为双松图歌,唐,712-770,760,杜甫,非蜀道,,,,,,,,,,,,,,,,
是,徐卿二子歌,唐,712-770,761,杜甫,非蜀道,,,,,,,,,,,,,,,,
是,病柏,唐,712-770,761,杜甫,非蜀道/柏树,,,,,,,,,,,,,,,,
是,病橘,唐,712-770,761,杜甫,非蜀道/橘,,,,,,,,,,,,,,,,
是,枯棕,唐,712-770,761,杜甫,非蜀道/棕榈,,,,,,,,,,,,,,,,
是,枯楠,唐,712-770,761,杜甫,非蜀道/楠树,,,,,,,,,,,,,,,,
是,丽春,唐,712-770,761,杜甫,成都,,,,草 桃李枝,,,,,,,,,,,,
是,丈人山（山在青城县北，黄帝封青城山为五岳丈人）,唐,712-770,761,杜甫,成都,,,,青城山 峰 丹梯,,,,,,,,,,,,
是,百忧集行（王筠诗百忧俱集断人肠）,唐,712-770,761,杜甫,非蜀道,,,,,,,,,,,,,,,,
是,戏作花卿歌,唐,712-770,761,杜甫,非蜀道,,,,,,,,,,,,,,,,
是,入奏行，赠西山检察使窦侍御,唐,712-770,762,杜甫,非蜀道,,,,,,,,,,,,,,,,
是,楠树为风雨所拔叹,唐,712-770,761,杜甫,非蜀道,,,,,,,,,,,,,,,,
是,茅屋为秋风所破歌,唐,712-770,761,杜甫,非蜀道,,,,,,,,,,,,,,,,
是,大雨,唐,712-770,762,杜甫,成都,西蜀冬不雪,,,风雨,,,,鹳鹤,,,,,,,,
是,溪涨,唐,712-770,762,杜甫,非蜀道/溪水,,,,,,,,,,,,,,,,
是,戏赠友二首,唐,712-770,762,杜甫,非蜀道,,,,,,,,,,,,,,,,
是,遭田父泥饮美严中丞,唐,712-770,762,杜甫,非蜀道,,,,,,,,,,,,,,,,
是,渔阳,唐,712-770,762,杜甫,非蜀道,,,,,,,,,,,,,,,,
是,天边行,唐,712-770,764,杜甫,南充,,,,江 风 木,,,,秃鹙 鸿鹄,,,,,,,,
是,大麦行,唐,712-770,762,杜甫,成都,,,,大麦 小麦,,,,,,,,,,,,
是,苦战行,唐,712-770,762,杜甫,非蜀道,,,,,,,,,,,,,,,,
是,去秋行,唐,712-770,762,杜甫,德阳,,,,江 木,,,,,,,,,,,,
是,述古三首,唐,712-770,763,杜甫,非蜀道,,,,,,,,,,,,,,,,
是,观打鱼歌,唐,712-770,762,杜甫,非蜀道,,,,,,,,,,,,,,,,
是,又观打鱼,唐,712-770,762,杜甫,非蜀道,,,,,,,,,,,,,,,,
是,越王楼歌（太宗子越王贞为绵州刺史，作台于州城西北）,唐,712-770,762,杜甫,非蜀道/越王楼,,,,,,,,,,,,,,,,
是,海棕行,唐,712-770,762,杜甫,非蜀道,,,,,,,,,,,,,,,,
是,姜楚公画角鹰歌,唐,712-770,762,杜甫,非蜀道,,,,,,,,,,,,,,,,
是,相逢歌赠严二别驾（一作严别驾相逢歌）,唐,712-770,762,杜甫,绵阳,,,,,,,,,,,,,,,,
是,光禄坂行,唐,712-770,762,杜甫,德阳,,,,山 树 草,,,,鸟马,,,,,,,,
是,陈拾遗故宅（宅在射洪县东七里东武山下）,唐,712-770,762,杜甫,非蜀道,,,,,,,,,,,,,,,,
是,冬到金华山观，因得故拾遗陈公学堂遗迹,唐,712-770,762,杜甫,遂宁,,,,山 蓝天 雪岭 石柱 绝壁 青苔,,,,,,,,,,,,
是,谒文公上方,唐,712-770,762,杜甫,遂宁,,,,乔木 山 雨,,,,,,,,,南北人　虎卧庭前,,,
是,奉赠射洪李四丈（明甫）,唐,712-770,762,杜甫,非蜀道,,,,,,,,,,,,,,,,
是,通泉驿南去通泉县十五里山水作,唐,712-770,762,杜甫,遂宁,,,,山 江 溪,,,,蚊蚋 鸭,,,,,,,,
是,过郭代公故宅,唐,712-770,762,杜甫,非蜀道,,,,,,,,,,,,,,,,
是,观薛稷少保书画壁,唐,712-770,762,杜甫,非蜀道,,,,,,,,,,,,,,,,
是,通泉县署屋壁后薛少保画鹤,唐,712-770,762,杜甫,非蜀道,,,,,,,,,,,,,,,,
是,陪王侍御同登东山最高顶宴姚通泉，晚携酒泛江,唐,712-770,762,杜甫,遂宁,,,,白日 郎 江,,,,鱼,,,,,骢马　陈太丘　弦奏跃鱼,,,
是,春日戏题恼郝使君兄,唐,712-770,763,杜甫,绵阳,,,,江 花,,,,,,,,,,,,
是,陪章留后惠义寺饯嘉州崔都督赴州,唐,712-770,763,杜甫,非蜀道,,,,,,,,,,,,,,,,
是,将适吴楚，留别章使君留后，兼幕府诸公，得柳字,唐,712-770,763,杜甫,非蜀道,,,,,,,,,,,,,,,,
是,棕拂子,唐,712-770,763,杜甫,非蜀道,,,,,,,,,,,,,,,,
是,桃竹杖引，赠章留后,唐,712-770,763,杜甫,非蜀道,,,,,,,,,,,,,,,,
是,寄题江外草堂（梓州作，寄成都故居）,唐,712-770,763,杜甫,成都草堂,,,,江 风,,,,,,,,,,,,
是,幸蜀西至剑门,唐,685-762,,李隆基,蜀地,,,,"剑阁 横云 峻 翠屏 千 丹嶂
灌木萦旗转，",,,,,,,,,五丁开山,,,
是,相和歌辞。前苦寒行二首,唐,712-770,767,杜甫,重庆,,,,巫峡,,,,,,,,,,,,
是,相和歌辞。蜀道难,唐,,,张文琮,蜀道,,,,积石 云 深谷 飞梁 绝岭 栈道,,,,,,,,,,,,
,乐府杂曲。鼓吹曲辞。巫山高,唐,,,郑世翼,巫山,,,,岧峣 暮雨 朝云,,,,鸟 猿,,,,,,,,
,乐府杂曲。鼓吹曲辞。巫山高二首,唐,656-715,,沈佺期,巫山,,,,"峰 琵琶峡 云雨台 瀑水 
日 巫山 夕阳 雨 江 雷 峡 霁云",,,,猿,,,,,,,,
,乐府杂曲。鼓吹曲辞。巫山高,唐,635-689,,卢照邻,巫山,,,,巫山 朝雰 云 惊涛 乱水 雨 暗峰,,,,猿,,,,,,,,
,乐府杂曲。鼓吹曲辞。巫山高,唐,,,张循之,巫山,,,,巫山 暗谷  风雨 幽岩 月 三峡 潮 江,,,,,,,,,,,,
,乐府杂曲。鼓吹曲辞。巫山高,唐,715-768,,皇甫冉,巫山,,,,巫峡 泉 树,,,,猿,,,,,巫山神女,,,
,乐府杂曲。鼓吹曲辞。巫山高,唐,,,刘方平,巫山,,,,巫山 春树 碧峰 峡 朝云 江 暮雨 阳台,,,,猿,,,,,,,,
,乐府杂曲。鼓吹曲辞。巫山高,唐,？-785,,李端,巫山,,,,巫山 峰 云 微雨 风 水 树,,,,猿,,,,,,,,
,乐府杂曲。鼓吹曲辞。巫山高,唐,,,于濆,巫山,,,,云 山 暮雨,,,,,,,,,,,,
,乐府杂曲。鼓吹曲辞。巫山高,唐,751-814,,孟郊,巫山,,,,巴山 峡 阳台 碧峭 雨,,,,猿,,,,,巫山神女 三峡无猿,,,
,乐府杂曲。鼓吹曲辞。巫山高,唐,790-816,,李贺,巫山,,,,江 竹,,,,猿,,,,,,,,
,乐府杂曲。鼓吹曲辞。巫山高,唐,864-937,,齐己,巫山,,,,峰 红霞 烟 老壁 岩 万壑 花,,,,猿,,,,,巫山神女,,,
是,韦讽录事宅观曹将军画马图,唐,712-770,764,杜甫,非蜀道,,,,,,,,,,,,,,,,
是,送韦讽上阆州录事参军,唐,712-770,764,杜甫,非蜀道,,,,,,,,,,,,,,,,
是,丹青引，赠曹将军霸,唐,712-770,764,杜甫,非蜀道,,,,,,,,,,,,,,,,
是,阆州东楼筵，奉送十一舅往青城县，得昏字,唐,712-770,763,杜甫,南充,,,,江 草 风,,,,鸟,,,,,,,,
是,严氏溪放歌行（溪在阆州东百馀里）,唐,712-770,763,杜甫,非蜀道,,,,,,,,,,,,,,,,
是,南池（在阆中县东南，即彭道将鱼池）,唐,712-770,763,杜甫,南充,,,,山谷 苍池 巴江 芰荷 清源 乔木 枫香林,,,,鱼,,,,,,,,
是,发阆中,唐,712-770,763,杜甫,南充,,,,溪 江风 云 山木,,,,,,,,,,,,
是,寄韩谏议,唐,712-770,767,杜甫,非蜀道,,,,,,,,,,,,,,,,
是,忆昔二首,唐,712-770,764,杜甫,非蜀道,,,,,,,,,,,,,,,,
是,冬狩行（时梓州刺史章彝兼侍御史留后东川）,唐,712-770,763,杜甫,非蜀道,,,,,,,,,,,,,,,,
是,自平,唐,712-770,767,杜甫,非蜀道,,,,,,,,,,,,,,,,
是,释闷,唐,712-770,764,杜甫,非蜀道,,,,,,,,,,,,,,,,
是,赠别贺兰铦,唐,712-770,764,杜甫,非蜀道,,,,,,,,,,,,,,,,
是,别唐十五诫，因寄礼部贾侍郎（贾至）,唐,712-770,764,杜甫,非蜀道,,,,,,,,,,,,,,,,
是,阆山歌,唐,712-770,764,杜甫,南充,,,,灵山 玉台 松 云 江 石,,,,,,,,,,,,
是,阆水歌,唐,712-770,764,杜甫,南充,,,,嘉陵江  石 浪 沙,,,,水鸡 鱼,,,,,,,,
是,草堂,唐,712-770,764,杜甫,非蜀道,,,,,,,,,,,,,,,,
是,四松,唐,712-770,764,杜甫,非蜀道,,,,,,,,,,,,,,,,
是,水槛,唐,712-770,764,杜甫,非蜀道,,,,,,,,,,,,,,,,
是,破船,唐,712-770,764,杜甫,非蜀道,,,,,,,,,,,,,,,,
是,扬旗,唐,712-770,764,杜甫,非蜀道,,,,,,,,,,,,,,,,
是,营屋,唐,712-770,765,杜甫,非蜀道,,,,,,,,,,,,,,,,
是,除草,唐,712-770,765,杜甫,非蜀道,,,,,,,,,,,,,,,,
是,太子张舍人遗织成褥段,唐,712-770,764,杜甫,非蜀道,,,,,,,,,,,,,,,,
是,莫相疑行,唐,712-770,765,杜甫,非蜀道,,,,,,,,,,,,,,,,
是,别蔡十四著作,唐,712-770,766,杜甫,非蜀道,,,,,,,,,,,,,,,,
否,相和歌辞。神弦别曲,唐,712-770,811,李贺,蜀地,,,,巫山 云 松花 春风 蜀江 风  水,,,,,,,,,,,,
是,杂曲歌辞。竹枝,唐,772-842,822,刘禹锡,重庆,,,,"春草 白盐山 蜀江 山桃 花 蜀江 春水 江
雨 杨柳 春雾 烟雨 日",,,,清猿,,,,,,,,
是,杜鹃,唐,712-770,766,杜甫,非蜀道,,,,,,,,,,,,,,,,
是,客居,唐,712-770,766,杜甫,重庆,,,,山 岸 涛 木梢 杂石 林,,,,子规,,,,,,,,
是,客堂,唐,712-770,766,杜甫,非蜀道,,,,,,,,,,,,,,,,
是,水阁朝霁，奉简严云安（一作云安严明府）,唐,712-770,766,杜甫,重庆,,,,石 晨云 朝旭 芳甸,,,,,,,,,,,,
是,赠郑十八贲（云安令）,唐,712-770,766,杜甫,非蜀道,,,,,,,,,,,,,,,,
是,三韵三篇,唐,712-770,765,杜甫,非蜀道,,,,,,,,,,,,,,,,
是,青丝（青丝白马，用侯景事，以比仆固怀恩）,唐,712-770,765,杜甫,非蜀道,,,,,,,,,,,,,,,,
是,近闻,唐,712-770,766,杜甫,非蜀道,,,,,,,,,,,,,,,,
是,折槛行,唐,712-770,766,杜甫,非蜀道,,,,,,,,,,,,,,,,
是,引水,唐,712-770,766,杜甫,重庆,,,,月峡 瞿塘 云 乱石 白帝城 竹,,,,鱼,,,,,,,,
是,古柏行,唐,712-770,766,杜甫,非蜀道,,,,,,,,,,,,,,,,
是,缚鸡行,唐,712-770,766,杜甫,非蜀道,,,,,,,,,,,,,,,,
是,负薪行,唐,712-770,766,杜甫,非蜀道,,,,,,,,,,,,,,,,
是,最能行,唐,712-770,766,杜甫,非蜀道,,,,,,,,,,,,,,,,
是,寄裴施州（裴冕坐李辅国贬施州刺史）,唐,712-770,767,杜甫,非蜀道,,,,,,,,,,,,,,,,
是,郑典设自施州归,唐,712-770,767,杜甫,非蜀道,,,,,,,,,,,,,,,,
是,柴门,唐,712-770,767,杜甫,重庆,,,,"孤舟 旱天 大江 霾 日 风烟
泥沙 茅栋 清池 花 云 杉 月",,,,,,,,,暴尪　真龙　铄金石,,,
是,西阁曝日,唐,712-770,766,杜甫,非蜀道,,,,,,,,,,,,,,,,
是,赠李十五丈别（李秘书文嶷）,唐,712-770,766,杜甫,非蜀道,,,,,,,,,,,,,,,,
是,送殿中杨监赴蜀见相公（杜鸿渐镇蜀，辟杨炎为判官）,唐,712-770,766,杜甫,非蜀道,,,,,,,,,,,,,,,,
是·,贻华阳柳少府,唐,712-770,766,杜甫,非蜀道,,,,,,,,,,,,,,,,
是,雷,唐,712-770,766,杜甫,非蜀道/雷,,,,,,,,,,,,,,,,
是,火,唐,712-770,766,杜甫,非蜀道/火,,,,,,,,,,,,,,,,
是,七月三日亭午已后较热退晚加小凉稳睡…呈元二十一曹长,唐,712-770,766,杜甫,非蜀道,,,,,,,,,,,,,,,,
是,牵牛织女,唐,712-770,766,杜甫,非蜀道,,,,,,,,,,,,,,,,
是,毒热寄简崔评事十六弟,唐,712-770,766,杜甫,非蜀道,,,,,,,,,,,,,,,,
是,殿中杨监见示张旭草书图,唐,712-770,766,杜甫,非蜀道,,,,,,,,,,,,,,,,
是,杨监又出画鹰十二扇,唐,712-770,766,杜甫,非蜀道,,,,,,,,,,,,,,,,
是,信行远修水筒（引水筒）,唐,712-770,766,杜甫,非蜀道,,,,,,,,,,,,,,,,
是,课伐木,唐,712-770,767,杜甫,非蜀道,,,,,,,,,,,,,,,,
是,园人送瓜,唐,712-770,767,杜甫,非蜀道,,,,,,,,,,,,,,,,
是,槐叶冷淘,唐,712-770,767,杜甫,非蜀道,,,,,,,,,,,,,,,,
是,行官张望补稻畦水归,唐,712-770,767,杜甫,重庆,,,,江 青稻 畦 碧泉 云 方塘 岸,,,,鸥鸟,,,,,,,,
是,招谕有怀赠同行人,唐,614-666,,李义府,蜀地,,,,蜀山 岷水 雨,,,,猿,,,,,骢马　绥岭桃,,,
,送金竟陵入蜀,唐,,,崔信明,蜀道,,,,蜀道 月 峡 江,,,,猿,,,,,,,,
是,入蜀秋夜宿江渚,唐,575-632,,陈子良,蜀道,,,,水 雾 风 林 山 月,,,,,,,,,,,,
是,催宗文树鸡栅,唐,712-770,766,杜甫,非蜀道,,,,,,,,,,,,,,,,
是,驱竖子摘苍耳（即卷耳）,唐,712-770,766,杜甫,非蜀道,,,,,,,,,,,,,,,,
是,园官送菜,唐,712-770,767,杜甫,非蜀道,,,,,,,,,,,,,,,,
是,上后园山脚,唐,712-770,767,杜甫,重庆,,,,北林 高冈 水 云 山 石 剑门 巫峡,,,,,,,,,,,,
是,阻雨不得归瀼西甘林,唐,712-770,767,杜甫,重庆,,,,骄阳 霖 江浦 峻岸,,,,飞禽,,,,,,,,
是,雨,唐,712-770,766,杜甫,重庆,,,,峡云 烟雾 风 江 树 雨 石壁,,,,鸟,,,,,,,,
是,雨二首,唐,712-770,766,杜甫,重庆,,,,"青山 白露 水 云 沙
空山 风 岫云 天石 雨含 长江",,,,,,,,,,,,
是,暇日小园散病，将种秋菜，督勒耕牛，兼书触目,唐,712-770,767,杜甫,非蜀道,,,,,,,,,,,,,,,,
是,雨,唐,712-770,766,杜甫,重庆,,,,行云 飞雨 霭 石,,,,,,,,,,,,
是,种莴苣,唐,712-770,766,杜甫,非蜀道,,,,,,,,,,,,,,,,
是,晚登瀼上堂,唐,712-770,767,杜甫,重庆,,,,瀼岸 崖石 林 花 云 山田,,,,,,,,,梦周孔　吕葛,,,
是,又上后园山脚,唐,712-770,767,杜甫,非蜀道,,,,,,,,,,,,,,,,
是,雨,唐,712-770,767,杜甫,重庆,,,,山 雨 江云 雾 树 风 岩,,,,鹤,,,,,,,,
是,甘林,唐,712-770,767,杜甫,重庆,,,,林 晨光 夕 日晞,,,,鸟 马,,,,,,,,
是,送梓州高参军还京,唐,635-689,664,卢照邻,非蜀道,,,,,,,,,,,,,,,,
是,大剑送别刘右史,唐,635-689,664,卢照邻,广元,,,,蜀道 绵川 云 剑阁,,,,,,,,,,,,
是,十五夜观灯,唐,635-689,667,卢照邻,成都,,,,繁光 天 星 月,,,,,,,,,,,,
是,文翁讲堂,唐,635-689,,卢照邻,非蜀道,,,,,,,,,,,,,,,,
是,相如琴台,唐,635-689,,卢照邻,非蜀道,,,,,,,,,,,,,,,,
是,石镜寺,唐,635-689,,卢照邻,非蜀道,,,,,,,,,,,,,,,,
是,辛法司宅观妓,唐,635-689,,卢照邻,非蜀道,,,,,,,,,,,,,,,,
是,益州城西张超亭观妓,唐,635-689,,卢照邻,非蜀道,,,,,,,,,,,,,,,,
是,还京赠别,唐,635-689,671,卢照邻,成都·,,,,风 月 清江 山 水 白云,,,,,,,,,,,,
是,葮川独泛,唐,635-689,665,卢照邻,广元,,,,春江 横舟 石岸,,,,,,,,,,,,
是,宿玄武二首,唐,635-689,669,卢照邻,德阳,,,,方池 圆月 柳,,,,,,,,,,,,
是,九陇津集,唐,635-689,670,卢照邻,成都,,,,树 水,,,,飞禽,,,,,,,,
是,游昌化山精舍,唐,635-689,670,卢照邻,成都,,,,峰 香台,,,,,,,,,,,,
是,登封大酺歌四首,唐,635-689,666,卢照邻,非蜀道,,,,山川,风烟,,,,,,,,,,,
是,九月九日登玄武山,唐,635-689,669,卢照邻,德阳,,,,,,,,,,,,,,,,
是,至望喜瞩目言怀贻剑外知己,唐,635-689,669,卢照邻,广元,,,,深谷 高云 碧流 青山 涧松 岩花,,,,,,,,,,,,
是,同临津纪明府孤雁,唐,635-689,664,卢照邻,非蜀道,,,,,,,,,,,,,,,,
是,宴梓州南亭得池字,唐,635-689,664,卢照邻,绵阳,,,,危岫 曲池 烟 古蔓,,,,水鸟 虫,,,,,,,,
是,赠李荣道士,唐,635-689,663,卢照邻,非蜀道,,,,,,,,,,,,,,,,
是,赠益府群官,唐,635-689,670,卢照邻,非蜀道,,,,,,,,,,,,,,,,
是,赠益府裴录事,唐,635-689,670,卢照邻,非蜀道,,,,,,,,,,,,,,,,
是,狱中学骚体,唐,635-689,663,卢照邻,非蜀道,,,,,,,,,,,,,,,,
是,和刘长史答十九兄,唐,650-693,686,杨炯,非蜀道,,,,,,,,,,,,,,,,
是,广溪峡,唐,650-693,688,杨炯,重庆,,,,广溪 川陆 山路 乔林 飞水 瀑 惊浪 深谷,,,,,,,,,,,,
是,巫峡,唐,650-693,688,杨炯,重庆,,,,叠嶂 绝壁 莓苔 夜 浪,,,,,,,,,,,,
是,八哀诗,唐,712-770,766,杜甫,非蜀道,,,,,,,,,,,,,,,,
是,写怀二首,唐,712-770,767,杜甫,非蜀道,,,,,,,,,,,,,,,,
是,可叹,唐,712-770,767,杜甫,非蜀道,,,,,,,,,,,,,,,,
是,观公孙大娘弟子舞剑器行,唐,712-770,767,杜甫,非蜀道,,,,,,,,,,,,,,,,
是,往在,唐,712-770,766,杜甫,非蜀道,,,,,,,,,,,,,,,,
是,昔游,唐,712-770,766,杜甫,非蜀道,,,,,,,,,,,,,,,,
是,壮游,唐,712-770,766,杜甫,非蜀道,,,,,,,,,,,,,,,,
否,送田道士使蜀投龙,唐,656-713,,宋之问,蜀地,,,,蜀门 峰 巴水,,,,,,,,,,,,
是,圣泉宴,唐,650-675,670,王勃,德阳,,,,石 春泉 松  垂叶 落花 林塘 夕烟,,,,,,,,,,,,
是,寻道观,唐,650-675,670,王勃,非蜀道,,,,,,,,,,,,,,,,
是,别薛华,唐,650-675,669,王勃,非蜀道,,,,,,,,,,,,,,,,
是,重别薛华,唐,650-675,670,王勃,成都,,,,明月 风 锦川 洲,,,,,,,,,,,,
是,游梵宇三觉寺,唐,650-675,670,王勃,成都,,,,杏阁  雕台 紫岑 叶 山路 花 萝,,,,,,,,,,,,
是,观佛迹寺,唐,650-675,670,王勃,非蜀道,,,,,,,,,,,,,,,,
是,山居晚眺赠王道士,唐,650-675,670,王勃,非蜀道,,,,,,,,,,,,,,,,
是,观内怀仙,唐,650-675,670,王勃,非蜀道,,,,,,,,,,,,,,,,
是,羁春,唐,650-675,671,王勃,成都,,,,落花,,,,,,,,,,,,
是,春游,唐,650-675,671,王勃,成都,,,,花 树,,,,,,,,,,,,
是,临江二首,唐,650-675,671,王勃,绵阳,,,,流水 尘 江皋 木叶,,,,,,,,,,,,
是,江亭夜月送别二首,唐,650-675,671,王勃,绵阳,,,,江 巴南水 山 北云 月夜 乱烟 月,,,,,,,,,,,,
是,别人四首,唐,650-675,670,王勃,非蜀道,,,,,,,,,,,,,,,,
是,山中,唐,650-675,671,王勃,绵阳,,,,黄叶,,,,,,,,,,,,
是,普安建阴题壁,唐,650-675,669,王勃,非蜀道,,,,,,,,,,,,,,,,
是,蜀中九日,唐,650-675,669,王勃,非蜀道,,,,,,,,,,,,,,,,
是,八仙径,唐,650-675,670,王勃,非蜀道,,,,,,,,,,,,,,,,
是,遣怀,唐,712-770,766,杜甫,非蜀道,,,,,,,,,,,,,,,,
是,同元使君舂陵行,唐,712-770,767,杜甫,非蜀道,,,,,,,,,,,,,,,,
是,李潮八分小篆歌,唐,712-770,766,杜甫,非蜀道,,,,,,,,,,,,,,,,
是,览柏中允兼子侄数人除官制词因述父子兄弟四美载歌丝纶,唐,712-770,766,杜甫,非蜀道,,,,,,,,,,,,,,,,
是,听杨氏歌,唐,712-770,766,杜甫,重庆,,,,江 月,,,,,,,,,秦青　佳人绝世　皓齿,,,
是,荆南兵马使太常卿赵公大食刀歌,唐,712-770,766,杜甫,非蜀道,,,,,,,,,,,,,,,,
是,王兵马使二角鹰,唐,712-770,766,杜甫,非蜀道,,,,,,,,,,,,,,,,
是,狄明府（博济。一作寄狄明府）,唐,712-770,767,杜甫,非蜀道,,,,,,,,,,,,,,,,
是,秋风二首,唐,712-770,767,杜甫,重庆,,,,"秋风 巫山 水关 秋风 日
石 明月 孤帆 树 池台",,,,,,,,,,,,
是,久雨期王将军不至,唐,712-770,767,杜甫,重庆,,,,,,,,,,,,,白袍　锐头将军　碎玉斗　突骑五千,,,
是,别李秘书始兴寺所居,唐,712-770,767,杜甫,非蜀道,,,,,,,,,,,,,,,,
是,虎牙行（虎牙在荆门之北，江水峻急）,唐,712-770,767,杜甫,重庆,,,,巫峡 峰峦 谿谷 峰,,,,杜鹃 猿,,,,,,,,
是,锦树行（因篇内有锦树二字摘以为题非正赋锦树也）,唐,712-770,767,杜甫,重庆,,,,万壑 荒戍 石 青丘 青草,,,,,,,,,,,,
是,赤霄行,唐,712-770,765,杜甫,非蜀道,,,,,,,,,,,,,,,,
是,前苦寒行二首,唐,712-770,767,杜甫,重庆,,,,雪 冰 巫峡,,,,,,,,,,,,
是,后苦寒行二首,唐,712-770,767,杜甫,重庆,,,,春泥 江 猛风 青海 峡,,,,猿 白鹄,,,,,,,,
是,晚晴,唐,712-770,767,杜甫,重庆,,,,冬雪 尘埃 崖 江石 青枫,,,,,,,,,,,,
是,复阴,唐,712-770,767,杜甫,重庆,,,,树 风 江涛 黄沙 云雪 山,,,,,,,,,,,,
是,夜归,唐,712-770,767,杜甫,重庆,,,,山 北斗 江低 明星,,,,猿,,,,,,,,
是,寄柏学士林居,唐,712-770,767,杜甫,重庆,,,,巫峡 云雨 赤叶 枫林 黄泥 天鸡,,,,,,,,,,,,
是,寄从孙崇简,唐,712-770,767,杜甫,非蜀道,,,,,,,,,,,,,,,,
是,奉酬薛十二丈判官见赠,唐,712-770,767,杜甫,非蜀道,,,,,,,,,,,,,,,,
是,醉为马坠，诸公携酒相看,唐,712-770,767,杜甫,非蜀道,,,,,,,,,,,,,,,,
是,别李义,唐,712-770,767,杜甫,非蜀道,,,,,,,,,,,,,,,,
是,送高司直寻封阆州,唐,712-770,767,杜甫,非蜀道,,,,,,,,,,,,,,,,
是,君不见，简苏徯,唐,712-770,767,杜甫,非蜀道,,,,,,,,,,,,,,,,
是,赠苏四徯,唐,712-770,767,杜甫,非蜀道,,,,,,,,,,,,,,,,
是,寄薛三郎中（据）,唐,712-770,767,杜甫,非蜀道,,,,,,,,,,,,,,,,
是,大觉高僧兰若（和尚去冬往湖南）,唐,712-770,767,杜甫,重庆,,,,巫山 松林 兰 秋风,,,,,,,,,,,,
是,九月九日望蜀台,唐,670-727,722,苏颋,成都,,,,蜀台,黄菊,,,,,,,,,,,
是,边秋薄暮（一作出塞）,唐,670-727,723,苏颋,成都,,,,,,,,鹰 雁,,,,,,,,
是,利州北佛龛前重于去岁题处作,唐,670-727,724,苏颋,广元,,,,,,,,,,,,巴人作礼朝,,,,
是,蜀城哭台州乐安少府,唐,670-727,723,苏颋,非蜀道,,,,,,,,,,,,,,,,
,送友人尉蜀中,唐,,,徐晶,蜀地,,,,水 山,,,,,,,,人家多种橘，风土爱弹琴,,,,
是,艳情代郭氏答卢照邻,唐,635-684,673,骆宾王,成都,,,,田 云 雁 柳 花,,,,雁,,,,,绿珠　不唾　锦字回文　掷果河阳　飞燕　覆水难收　故剑　兰兆　莫愁　金谷园　三峡无猿　下山,,,
是,代女道士王灵妃赠道士李荣,唐,635-684,673,骆宾王,非蜀道,,,,,,,,,,,,,,,,
是,感遇诗三十八首,唐,659-700,683,陈子昂,遂宁,,,,月 阳,海,,,,,,,,,,,
是,春夜别友人二首,唐,659-700,694,陈子昂,遂宁,,,,青烟 山川 明月 高树 长河 白云 明月,,,,,,,,,,,,
是,遂州南江别乡曲故人,唐,659-700,694,陈子昂,遂宁,,,,林,山,,,,,,,,,,,
是,送东莱王学士无竞,唐,659-700,699,陈子昂,非蜀道,,,,,,,,,,,,,,,,
是,晦饯陶七于江南同用风字,唐,659-700,699,陈子昂,遂宁,,,,烟云 青江 水 芙蓉 杨柳 春风,,,,,,,,,,,,
是,月夜有怀,唐,659-700,699,陈子昂,非蜀道,,,,,,,,,,,,,,,,
是,春日登金华观,唐,659-700,683,陈子昂,遂宁,,,,丹丘 山川 乱云 日 烟霄 树 桥,,,,鹤,,,,,,,,
是,初入峡苦风寄故乡亲友,唐,659-700,679,陈子昂,重庆,,,,巴峡,石,风,,,,,,,,,,
是,白帝城怀古,唐,659-700,679,陈子昂,重庆,,,,"日落 沧江 深山 岩悬 青壁 碧流
古木 云际 帆 雾",,,,,,,,,,,,
是,江上暂别萧四刘三旋欣接遇,唐,659-700,679,陈子昂,重庆,,,,山 水 烟 云,,,,,,,,,,,,
是,秋日遇荆州府崔兵曹使宴,唐,659-700,683,陈子昂,遂宁,,,,云雾 林 古树 苍烟 白露,,,,,,,,,崔亭伯　道安　鹖冠,,,
是,卧病家园,唐,659-700,698,陈子昂,非蜀道,,,,,,,,,,,,,,,,
是,万州晓发放舟乘涨，还寄蜀中亲朋,唐,659-700,694,陈子昂,重庆,,,,空濛  岩雨 霁 云 林岫 孤烟 峰 曙日,,,,,,,,,白眉人　芳庭树　胡秦,,,
是,入峭峡安居溪伐木溪源幽邃林岭相映有奇致焉,唐,659-700,694,陈子昂,重庆,,,,水 烟沙 露岛 古树 云 岩潭 溪谷,,,,猿 鸟,,,,,,,,
是,合州津口别舍弟至东阳峡步趁不及眷然有忆作以示之,唐,659-700,683,陈子昂,重庆,,,,江潭 洲浦 树 林岸 云峰,,,,,,,,,,,,
是,入东阳峡与李明府舟前后不相及,唐,659-700,679,陈子昂,重庆,,,,东岩 岛 风烟 青山 峰 白日 涛 星,,,,孤狖 哀鸿,,,,,,,,
是,南山家园林木交映盛夏五月幽然清凉独坐思远率成十韵,唐,659-700,699,陈子昂,遂宁,,,,林 松竹 苍岑,,,,,,,,,,,,
是,酬李参军崇嗣旅馆见赠,唐,659-700,693,陈子昂,非蜀道,,,,,,,,,,,,,,,,
是,酬晖上人夏日林泉,唐,659-700,683,陈子昂,遂宁,,,,白云 岩泉 树 石 林,,,,,,,,,,,,
是,夏日晖上人房别李参军崇嗣,唐,659-700,693,陈子昂,非蜀道,,,,,,,,,,,,,,,,
是,秋园卧病呈晖上人,唐,659-700,698,陈子昂,遂宁,,,,旷日 林园 白云 风,,,,,,,,,,,,
是,山水粉图,唐,659-700,683,陈子昂,非蜀道,,,,,,,,,,,,,,,,
是,喜马参军相遇醉歌,唐,659-700,698,陈子昂,非蜀道,,,,,,,,,,,,,,,,
是,赠别冀侍御崔司议,唐,659-700,699,陈子昂,遂宁,,,,林,峨眉,,,,,,,,,,,
是,被使在蜀,唐,667-731,694,张说,蜀地,,,,月,,,,,,,,,,,,
是,正朝摘梅,唐,667-731,695,张说,非蜀道,,,,,,,,,,,,,,,,
是,蜀道后期,唐,667-731,694,张说,蜀地,,,,秋风,,,,,,,,,,,,
,巫山,唐,,,张循之,非蜀道,,,,,,,,,,,,,,,,
否,送靳十五侍御使蜀,唐,696-761,,孙逖,蜀地,,,,巴江·,剑道,,,,,,,,,,,
是,燕子龛禅师,唐,701-761,,王维,蜀道,,,,燕子龛  峭崿 瀑泉 怪石,,,,栗猿 松鹤,,,,,五丁开山,,,
,晓行巴峡,唐,701-761,,王维,蜀地,,,,巴峡 晴江 山 桥,,,,鸡,,,,,,,,
是,宿武阳即事（一作宿武阳川）,唐,689-740,736,孟浩然,眉山,,,,川 夕阳 孤舟 潭嶂,,,,鸡 猿,,,,,,,,
